Code;Company;IPO
NSSS;PT Nusantara Sawit Sejahtera Tbk;10-Mar-23
CUAN;PT Petrindo Jaya Kreasi Tbk;08-Mar-23
SAGE;PT Saptausaha Gemilangindah Tbk;08-Mar-23
TRON;PT Teknologi Karya Digital Nusa Tbk.;08-Mar-23
PTMP;PT Mitra Pack Tbk.;06-Mar-23
BDKR;PT Berdikari Pondasi Perkasa Tbk.;03-Mar-23
HILL;PT Hillcon Tbk;01-Mar-23
FUTR;PT Lini Imaji Kreasi Ekosistem Tbk;27-Feb-23
PGEO;PT Pertamina Geothermal Energy Tbk;24-Feb-23
KING;PT Hoffmen Cleanindo Tbk;16-Feb-23
CHIP;PT Pelita Teknologi Global Tbk;08-Feb-23
HALO;PT Haloni Jane Tbk;08-Feb-23
PACK;PT Solusi Kemasan Digital Tbk;08-Feb-23
VAST;PT Vastland Indonesia Tbk;08-Feb-23
IRSX;PT Aviana Sinar Abadi Tbk;07-Feb-23
NAYZ;PT Hassana Boga Sejahtera Tbk;06-Feb-23
FWCT;PT Wijaya Cahaya Timber Tbk;01-Feb-23
LAJU;PT Jasa Berdikari Logistics Tbk;27-Jan-23
PEVE;PT Penta Valent Tbk;24-Jan-23
BMBL;PT Lavender Bina Cendikia Tbk;11-Jan-23
WINE;PT Hatten Bali Tbk;10-Jan-23
CBRE;PT Cakra Buana Resources Energi Tbk;09-Jan-23
SUNI;PT Sunindo Pratama Tbk;09-Jan-23
BEER;PT Jobubu Jarum Minahasa Tbk;06-Jan-23
CBPE;PT Citra Buana Prasida Tbk;06-Jan-23
ELIT;PT Data Sinergitama Jaya Tbk;06-Jan-23
SOUL;PT Mitra Tirta Buwana Tbk;06-Jan-23
VTNY;PT Venteny Fortuna International Tbk;15 Des 2022
ISAP;PT Isra Presisi Indonesia Tbk;09 Des 2022
PADA;PT Personel Alih Daya Tbk;08 Des 2022
MMIX;PT Multi Medika Internasional Tbk;06 Des 2022
NINE;PT Techno9 Indonesia Tbk;05 Des 2022
ZATA;PT Bersama Zatta Jaya Tbk;10-Nov-22
KDTN;PT Puri Sentul Permai Tbk;09-Nov-22
PDPP;PT Primadaya Plastisindo Tbk;09-Nov-22
BELI;PT Global Digital Niaga Tbk;08-Nov-22
BSBK;PT Wulandari Bangun Laksana Tbk;08-Nov-22
CBUT;PT Citra Borneo Utama Tbk;08-Nov-22
MKTR;PT Menthobi Karyatama Raya Tbk;08-Nov-22
OMED;PT Jayamas Medica Industri Tbk;08-Nov-22
PRAY;PT Famon Awal Bros Sedaya Tbk;08-Nov-22
COAL;PT Black Diamond Resources Tbk;07-Sep-22
CRAB;PT Toba Surimi Industries Tbk;10 Agt 2022
MEDS;PT Hetzer Medical Indonesia Tbk;10 Agt 2022
BUAH;PT Segar Kumala Indonesia Tbk;09 Agt 2022
KLIN;PT Klinko Karya Imaji Tbk;09 Agt 2022
TOOL;PT Rohartindo Nusantara Luas Tbk;09 Agt 2022
ELPI;PT Pelayaran Nasional Ekalya Purnamasari Tbk;08 Agt 2022
EURO;PT Estee Gold Feet Tbk;08 Agt 2022
KKES;PT Kusuma Kemindo Sentosa Tbk;08 Agt 2022
MORA;PT Mora Telematika Indonesia Tbk;08 Agt 2022
RAFI;PT Sari Kreasi Boga Tbk;05 Agt 2022
AMMS;PT Agung Menjangan Mas Tbk;04 Agt 2022
JARR;PT Jhonlin Agro Raya Tbk;04 Agt 2022
GULA;PT Aman Agrindo Tbk;03 Agt 2022
RCCC;PT Utama Radar Cahaya Tbk;02 Agt 2022
HATM;PT Habco Trans Maritima Tbk;26-Jul-22
KRYA;PT Bangun Karya Perkasa Jaya Tbk;25-Jul-22
AXIO;PT Tera Data Indonusa Tbk;20-Jul-22
DEWI;PT Dewi Shri Farmindo Tbk;18-Jul-22
ARKO;PT Arkora Hydro Tbk.;08-Jul-22
CHEM;PT Chemstar Indonesia Tbk;08-Jul-22
TRGU;PT Cerestar Indonesia Tbk;08-Jul-22
SWID;PT Saraswanti Indoland Development Tbk;07-Jul-22
ASHA;PT Cilacap Samudera Fishing Industry Tbk;27 Mei 2022
OLIV;PT Oscar Mitra Sukses Sejahtera Tbk;17 Mei 2022
IBOS;PT Indo Boga Sukses Tbk;25-Apr-22
WINR;PT Winner Nusantara Jaya Tbk;25-Apr-22
MTMH;PT Murni Sadar Tbk;20-Apr-22
TLDN;PT Teladan Prima Agro Tbk;12-Apr-22
GOTO;PT GoTo Gojek Tokopedia Tbk;11-Apr-22
SICO;PT Sigma Energy Compressindo Tbk;08-Apr-22
WIRG;PT WIR ASIA Tbk;04-Apr-22
BIKE;PT Sepeda Bersama Indonesia Tbk;21-Mar-22
NANO;PT Nanotech Indonesia Global Tbk;10-Mar-22
STAA;PT Sumber Tani Agung Resources Tbk;10-Mar-22
SMKM;PT Sumber Mas Konstruksi Tbk;09-Mar-22
NTBK;PT Nusatama Berkah Tbk;09-Feb-22
ENAK;PT Champ Resto Indonesia Tbk;08-Feb-22
BAUT;PT Mitra Angkasa Sejahtera Tbk;28-Jan-22
NETV;PT Net Visi Media Tbk;26-Jan-22
ASLC;PT Autopedia Sukses Lestari Tbk;25-Jan-22
SEMA;PT Semacom Integrated Tbk;10-Jan-22
ADMR;PT Adaro Minerals Indonesia Tbk;03-Jan-22
DRMA;PT Dharma Polimetal Tbk;20 Des 2021
BSML;PT Bintang Samudera Mandiri Lines Tbk;16 Des 2021
NASI;PT Wahana Inti Makmur Tbk;13 Des 2021
IPPE;PT Indo Pureco Pratama Tbk;09 Des 2021
AVIA;PT Avia Avian Tbk;08 Des 2021
OBMD;PT OBM Drilchem Tbk;08 Des 2021
RMKE;PT RMK Energy Tbk;07 Des 2021
CMRY;PT Cisarua Mountain Dairy Tbk;06 Des 2021
TAYS;PT Jaya Swarasa Agung Tbk;06 Des 2021
WGSH;PT Wira Global Solusi Tbk;06 Des 2021
WMPP;PT Widodo Makmur Perkasa Tbk;06 Des 2021
BINO;PT Perma Plasindo Tbk;25-Nov-21
DEPO;PT Caturkarda Depo Bangunan Tbk;25-Nov-21
MTEL;PT Dayamitra Telekomunikasi Tbk;22-Nov-21
BOBA;PT Formosa Ingredient Factory Tbk;01-Nov-21
KUAS;PT Ace Oldfields Tbk;25 Okt 2021
IDEA;PT Idea Indonesia Akademi Tbk;09-Sep-21
CMNT;PT Cemindo Gemilang Tbk;08-Sep-21
GTSI;PT GTS Internasional Tbk;08-Sep-21
RSGK;PT Kedoya Adyaraya Tbk;08-Sep-21
RUNS;PT Global Sukses Solusi Tbk;08-Sep-21
SBMA;PT Surya Biru Murni Acetylene Tbk;08-Sep-21
MCOL;PT Prima Andalan Mandiri Tbk;07-Sep-21
GPSO;PT Geoprima Solusi Tbk;06-Sep-21
OILS;PT Indo Oil Perkasa Tbk;06-Sep-21
HAIS;PT Hasnur Internasional Shipping Tbk;01-Sep-21
BUKA;PT Bukalapak.com Tbk;06 Agt 2021
UVCR;PT Trimegah Karya Pratama Tbk.;27-Jul-21
NICL;PT PAM Mineral Tbk;09-Jul-21
FLMC;PT Falmaco Nonwoven Industri Tbk;08-Jul-21
BMHS;PT Bundamedik Tbk;06-Jul-21
IPAC;PT Era Graharealty Tbk;30-Jun-21
MASB;PT Bank Multiarta Sentosa Tbk;30-Jun-21
ARCI;PT Archi Indonesia Tbk;28-Jun-21
LABA;PT Ladangbaja Murni Tbk;10-Jun-21
TRUE;PT Triniti Dinamik Tbk;10-Jun-21
MGLV;PT Panca Anugrah Wisesa Tbk;08-Jun-21
HOPE;PT Harapan Duta Pertiwi Tbk.;24 Mei 2021
ADCP;PT Adhi Commuter Properti Tbk;21 Mei 2021
LUCY;PT Lima Dua Lima Tiga Tbk;05 Mei 2021
NPGF;PT Nusa Palapa Gemilang Tbk;14-Apr-21
TAPG;PT Triputra Agro Persada Tbk.;12-Apr-21
FIMP;PT Fimperkasa Utama Tbk;09-Apr-21
LFLO;PT Imago Mulia Persada Tbk;07-Apr-21
ZYRX;PT Zyrexindo Mandiri Buana Tbk;30-Mar-21
SNLK;PT Sunter Lakeside Hotel Tbk.;29-Mar-21
BEBS;PT Berkah Beton Sadaya Tbk;10-Mar-21
UNIQ;PT Ulima Nitra Tbk;08-Mar-21
EDGE;PT Indointernet Tbk.;08-Feb-21
WMUU;PT Widodo Makmur Unggas Tbk;02-Feb-21
BANK;PT Bank Aladin Syariah Tbk;01-Feb-21
UFOE;PT Damai Sejahtera Abadi Tbk;01-Feb-21
DGNS;PT Diagnos Laboratorium Utama Tbk;15-Jan-21
KETR;PT Ketrosden Triasmitra Tbk;11-Jan-21
DCII;PT DCI Indonesia Tbk;06-Jan-21
FAPA;PT FAP Agri Tbk;04-Jan-21
WIFI;PT Solusi Sinergi Digital Tbk;30 Des 2020
PMMP;PT Panca Mitra Multiperdana Tbk.;18 Des 2020
VICI;PT Victoria Care Indonesia Tbk;17 Des 2020
ATAP;PT Trimitra Prawara Goldland Tbk;11 Des 2020
PTDU;PT Djasa Ubersakti Tbk;08 Des 2020
PLAN;PT Planet Properindo Jaya Tbk;15-Sep-20
ENZO;PT Morenzo Abadi Perkasa Tbk;14-Sep-20
HOMI;PT Grand House Mulia Tbk;10-Sep-20
ROCK;PT Rockfields Properti Indonesia Tbk.;10-Sep-20
PURI;PT Puri Global Sukses Tbk;08-Sep-20
SOHO;PT Soho Global Health Tbk;08-Sep-20
BBSI;PT Krom Bank Indonesia Tbk;07-Sep-20
KMDS;PT Kurniamitra Duta Sentosa Tbk.;07-Sep-20
SCNP;PT Selaras Citra Nusantara Perkasa Tbk;07-Sep-20
PNGO;PT Pinago Utama Tbk;31 Agt 2020
TRJA;PT Transkon Jaya Tbk.;27 Agt 2020
SGER;PT Sumber Global Energy Tbk.;10 Agt 2020
TOYS;PT Sunindo Adipersada Tbk.;06 Agt 2020
PPGL;PT Prima Globalindo Logistik Tbk.;20-Jul-20
PGUN;PT Pradiksi Gunatama Tbk;07-Jul-20
SOFA;PT Boston Furniture Industries Tbk..;07-Jul-20
UANG;PT Pakuan Tbk;06-Jul-20
EPAC;PT Megalestari Epack Sentosaraya Tbk.;01-Jul-20
TECH;PT Indosterling Technomedia Tbk;04-Jun-20
CASH;PT Cashlez Worldwide Indonesia Tbk.;04 Mei 2020
BBSS;PT Bumi Benowo Sukses Sejahtera Tbk;15-Apr-20
BHAT;PT Bhakti Multi Artha Tbk.;15-Apr-20
CBMF;PT Cahaya Bintang Medan Tbk;09-Apr-20
CSMI;PT Cipta Selera Murni Tbk.;09-Apr-20
RONY;PT Aesler Grup Internasional Tbk;09-Apr-20
KBAG;PT Karya Bersama Anugerah Tbk;08-Apr-20
SBAT;PT Sejahtera Bintang Abadi Textile Tbk.;08-Apr-20
SAMF;PT Saraswanti Anugerah Makmur Tbk.;31-Mar-20
AMAN;PT Makmur Berkah Amanda Tbk.;13-Mar-20
CARE;PT Metro Healthcare Indonesia Tbk;13-Mar-20
BESS;PT Batulicin Nusantara Maritim Tbk.;09-Mar-20
ESTA;PT Esta Multi Usaha Tbk.;09-Mar-20
ASPI;PT Andalan Sakti Primaindo Tbk.;17-Feb-20
DADA;PT Diamond Citra Propertindo Tbk.;14-Feb-20
AYLS;PT Agro Yasa Lestari Tbk;12-Feb-20
IKAN;PT Era Mandiri Cemerlang Tbk;12-Feb-20
TAMA;PT Lancartama Sejati Tbk.;10-Feb-20
PTPW;PT Pratama Widya Tbk.;07-Feb-20
PURA;PT Putra Rajawali Kencana Tbk.;29-Jan-20
DMND;PT Diamond Food Indonesia Tbk.;22-Jan-20
TRIN;PT Perintis Triniti Properti Tbk;15-Jan-20
AMOR;PT Ashmore Asset Management Indonesia Tbk.;14-Jan-20
INDO;PT Royalindo Investa Wijaya Tbk;13-Jan-20
AMAR;PT Bank Amar Indonesia Tbk.;09-Jan-20
CSRA;PT Cisadane Sawit Raya Tbk.;09-Jan-20
PGJO;PT Tourindo Guide Indonesia Tbk.;08-Jan-20
GLVA;PT Galva Technologies Tbk;23 Des 2019
UCID;PT Uni-Charm Indonesia Tbk.;20 Des 2019
PMJS;PT Putra Mandiri Jembar Tbk;18 Des 2019
IFII;PT Indonesia Fibreboard Industry Tbk;10 Des 2019
REAL;PT Repower Asia Indonesia Tbk.;06 Des 2019
IFSH;PT Ifishdeco Tbk.;05 Des 2019
AGAR;PT Asia Sejahtera Mina Tbk;02 Des 2019
KEJU;PT Mulia Boga Raya Tbk;25-Nov-19
PSGO;PT Palma Serasih Tbk.;25-Nov-19
TEBE;PT Dana Brata Luhur Tbk.;18-Nov-19
ESIP;PT Sinergi Inti Plastindo Tbk.;14-Nov-19
SINI;PT Singaraja Putra Tbk.;08-Nov-19
WOWS;PT Ginting Jaya Energi Tbk;08-Nov-19
DMMX;PT Digital Mediatama Maxima Tbk;21 Okt 2019
IRRA;PT Itama Ranoraya Tbk.;15 Okt 2019
PURE;PT Trinitan Metals and Minerals Tbk;09 Okt 2019
SLIS;PT Gaya Abadi Sempurna Tbk;07 Okt 2019
NZIA;PT Nusantara Almazia, Tbk.;25-Sep-19
OPMS;PT Optima Prima Metal Sinergi Tbk.;23-Sep-19
GGRP;PT Gunung Raja Paksi Tbk.;19-Sep-19
TFAS;PT Telefast Indonesia Tbk.;17-Sep-19
BAPI;PT Bhakti Agung Propertindo Tbk.;16-Sep-19
KEEN;PT Kencana Energi Lestari Tbk.;02-Sep-19
HDIT;PT Hensel Davest Indonesia Tbk;12-Jul-19
SMKL;PT Satyamitra Kemas Lestari Tbk;11-Jul-19
ARKA;PT Arkha Jayanti Persada Tbk.;10-Jul-19
INOV;PT Inocycle Technology Group Tbk.;10-Jul-19
EAST;PT Eastparc Hotel Tbk;09-Jul-19
FUJI;PT Fuji Finance Indonesia Tbk.;09-Jul-19
KOTA;PT DMS Propertindo Tbk.;09-Jul-19
LIFE;PT Asuransi Jiwa Sinarmas MSIG Tbk.;09-Jul-19
BLUE;PT Berkah Prima Perkasa Tbk;08-Jul-19
ENVY;PT Envy Technologies Indonesia Tbk;08-Jul-19
IPTV;PT MNC Vision Networks Tbk.;08-Jul-19
PAMG;PT Bima Sakti Pertiwi Tbk;05-Jul-19
ITIC;PT Indonesian Tobacco Tbk.;04-Jul-19
KAYU;PT Darmi Bersaudara Tbk.;04-Jul-19
KJEN;PT Krida Jaringan Nusantara Tbk.;01-Jul-19
POLU;PT Golden Flower Tbk.;26-Jun-19
SFAN;PT Surya Fajar Capital Tbk;19-Jun-19
CCSI;PT Communication Cable Systems Indonesia Tbk.;18-Jun-19
BOLA;PT Bali Bintang Sejahtera Tbk.;17-Jun-19
FITT;PT Hotel Fitra International Tbk;11-Jun-19
JAST;PT Jasnita Telekomindo Tbk.;16 Mei 2019
POSA;PT Bliss Properti Indonesia Tbk.;10 Mei 2019
HRME;PT Menteng Heritage Realty Tbk.;12-Apr-19
CPRI;PT Capri Nusa Satu Properti Tbk.;11-Apr-19
MTPS;PT Meta Epsi Tbk.;10-Apr-19
COCO;PT Wahana Interfood Nusantara Tbk.;20-Mar-19
JAYA;PT Armada Berjaya Trans Tbk.;21-Feb-19
CLAY;PT Citra Putra Realty Tbk;18-Jan-19
NATO;PT Surya Permata Andalan Tbk;18-Jan-19
BEEF;PT Estika Tata Tiara Tbk.;10-Jan-19
POLI;PT Pollux Hotels Group Tbk;10-Jan-19
FOOD;PT Sentra Food Indonesia Tbk.;08-Jan-19
PEHA;PT Phapros Tbk;26 Des 2018
ZONE;PT Mega Perintis Tbk.;12 Des 2018
SOTS;PT Satria Mega Kencana Tbk.;10 Des 2018
URBN;PT Urban Jakarta Propertindo Tbk.;10 Des 2018
LUCK;PT Sentral Mitra Informatika Tbk.;28-Nov-18
DIVA;PT Distribusi Voucher Nusantara Tbk;27-Nov-18
POLA;PT Pool Advista Finance Tbk.;16-Nov-18
DEAL;PT Dewata Freightinternational Tbk.;11-Nov-18
SOSS;PT Shield On Service Tbk.;06-Nov-18
SATU;PT Kota Satu Properti Tbk.;05-Nov-18
CAKK;PT Cahayaputra Asa Keramik Tbk.;31 Okt 2018
YELO;PT Yelooo Integra Datanet Tbk.;29 Okt 2018
SKRN;PT Superkrane Mitra Utama Tbk;11 Okt 2018
DUCK;PT Jaya Bersama Indo Tbk.;10 Okt 2018
GOOD;PT Garudafood Putra Putri Jaya Tbk.;10 Okt 2018
HKMU;PT HK Metals Utama Tbk;09 Okt 2018
MPRO;PT Maha Properti Indonesia Tbk.;09 Okt 2018
KPAS;PT Cottonindo Ariesta Tbk.;05 Okt 2018
SURE;PT Super Energy Tbk.;05 Okt 2018
SAPX;PT Satria Antaran Prima Tbk.;03 Okt 2018
CITY;PT Natura City Developments Tbk.;28-Sep-18
DIGI;PT Arkadia Digital Media Tbk;18-Sep-18
PANI;PT Pratama Abadi Nusa Industri Tbk.;18-Sep-18
MOLI;PT Madusari Murni Indah Tbk.;30 Agt 2018
LAND;PT Trimitra Propertindo Tbk.;23 Agt 2018
ANDI;PT Andira Agro Tbk;16 Agt 2018
FILM;PT MD Pictures Tbk.;07 Agt 2018
MGRO;PT Mahkota Group Tbk.;12-Jul-18
NFCX;PT NFC Indonesia Tbk;12-Jul-18
NUSA;PT Sinergi Megah Internusa Tbk;12-Jul-18
POLL;PT Pollux Properties Indonesia Tbk.;11-Jul-18
BPTR;PT Batavia Prosperindo Trans Tbk.;09-Jul-18
IPCC;PT Indonesia Kendaraan Terminal Tbk.;09-Jul-18
RISE;PT Jaya Sukses Makmur Sentosa Tbk.;09-Jul-18
TCPI;PT Transcoal Pacific Tbk.;06-Jul-18
MAPA;PT MAP Aktif Adiperkasa Tbk.;05-Jul-18
TNCA;PT Trimuda Nuansa Citra Tbk.;28-Jun-18
KPAL;PT Steadfast Marine Tbk;08-Jun-18
MSIN;PT MNC Digital Entertainment Tbk;08-Jun-18
SWAT;PT Sriwahana Adityakarta Tbk.;08-Jun-18
TUGU;PT Asuransi Tugu Pratama Indonesia Tbk;28 Mei 2018
PZZA;PT Sarimelati Kencana Tbk.;23 Mei 2018
TRUK;PT Guna Timur Raya Tbk.;23 Mei 2018
HEAL;PT Medikaloka Hermina Tbk.;16 Mei 2018
PRIM;PT Royal Prima Tbk.;15 Mei 2018
SPTO;PT Surya Pertiwi Tbk;14 Mei 2018
BRIS;PT Bank Syariah Indonesia Tbk;09 Mei 2018
BTPS;PT Bank BTPN Syariah Tbk.;08 Mei 2018
NICK;PT Charnic Capital Tbk.;02 Mei 2018
DFAM;PT Dafam Property Indonesia Tbk;27-Apr-18
GHON;PT Gihon Telekomunikasi Indonesia Tbk;09-Apr-18
TDPM;PT Tridomain Performance Materials Tbk.;09-Apr-18
INPS;PT Indah Prakasa Sentosa Tbk.;06-Apr-18
JSKY;PT Sky Energy Indonesia Tbk.;28-Mar-18
HELI;PT Jaya Trishindo Tbk;27-Mar-18
BOSS;PT Borneo Olah Sarana Sukses Tbk.;15-Feb-18
LCKM;PT LCK Global Kedaton Tbk;16-Jan-18
PCAR;PT Prima Cakrawala Abadi Tbk;29 Des 2017
IPCM;PT Jasa Armada Indonesia Tbk.;22 Des 2017
CAMP;PT Campina Ice Cream Industry Tbk.;19 Des 2017
JMAS;PT Asuransi Jiwa Syariah Jasa Mitra Abadi Tbk;18 Des 2017
DWGL;PT Dwi Guna Laksana Tbk;13 Des 2017
PBID;PT Panca Budi Idaman Tbk;13 Des 2017
PSSI;PT IMC Pelita Logistik Tbk;05 Des 2017
WEGE;PT Wijaya Karya Bangunan Gedung Tbk.;30-Nov-17
PPRE;PT PP Presisi Tbk.;24-Nov-17
MCAS;PT M Cash Integrasi Tbk;01-Nov-17
ZINC;PT Kapuas Prima Coal Tbk;16 Okt 2017
MTWI;PT Malacca Trust Wuwungan Insurance Tbk.;12 Okt 2017
GMFI;PT Garuda Maintenance Facility Aero Asia Tbk.;10 Okt 2017
KIOS;PT Kioson Komersial Indonesia Tbk.;05 Okt 2017
BELL;PT Trisula Textile Industries Tbk;03 Okt 2017
MDKI;PT Emdeki Utama Tbk;25-Sep-17
NASA;PT Andalan Perkasa Abadi Tbk;07 Agt 2017
MARK;PT Mark Dynamics Indonesia Tbk.;12-Jul-17
MPOW;PT Megapower Makmur Tbk.;05-Jul-17
HOKI;PT Buyung Poetra Sembada Tbk.;22-Jun-17
MABA;PT Marga Abhinaya Abadi Tbk;22-Jun-17
ARMY;PT Armidian Karyatama Tbk;21-Jun-17
HRTA;PT Hartadinata Abadi Tbk;21-Jun-17
MAPB;PT MAP Boga Adiperkasa Tbk.;21-Jun-17
WOOD;PT Integra Indocabinet Tbk;21-Jun-17
KMTR;PT Kirana Megatara Tbk.;19-Jun-17
TOPS;PT Totalindo Eka Persada Tbk.;16-Jun-17
FIRE;PT Alfa Energi Investama Tbk.;09-Jun-17
TGRA;PT Terregra Asia Energy;16 Mei 2017
CSIS;PT Cahayasakti Investindo Sukses Tbk;10 Mei 2017
TAMU;PT Pelayaran Tamarin Samudra Tbk.;10 Mei 2017
CLEO;PT Sariguna Primatirta Tbk;05 Mei 2017
FORZ;PT Forza Land Indonesia Tbk.;28-Apr-17
MINA;PT Sanurhasta Mitra Tbk.;28-Apr-17
CARS;PT Industri dan Perdagangan Bintraco Dharma Tbk;10-Apr-17
PORT;PT Nusantara Pelabuhan Handal Tbk.;16-Mar-17
BOGA;PT Bintang Oto Global Tbk;19 Des 2016
PRDA;PT Prodia Widyahusada Tbk.;07 Des 2016
AGII;PT Samator Indo Gas Tbk;28-Sep-16
PBSA;PT Paramita Bangun Sarana Tbk;28-Sep-16
WSBP;PT Waskita Beton Precast Tbk.;20-Sep-16
INCF;PT Indo Komoditi Korpora Tbk;06-Sep-16
CASA;PT Capital Financial Indonesia Tbk;19-Jul-16
OASA;PT Maharaksa Biru Energi Tbk;18-Jul-16
JGLE;PT Graha Andrasentra Propertindo Tbk.;29-Jun-16
DAYA;PT Duta Intidaya Tbk.;28-Jun-16
SHIP;PT Sillo Maritime Perdana Tbk;16-Jun-16
POWR;PT Cikarang Listrindo Tbk.;14-Jun-16
BGTG;PT Bank Ganesha Tbk.;12 Mei 2016
MARI;PT Mahaka Radio Integra Tbk.;11-Feb-16
MTRA;PT Mitra Pemuda Tbk.;10-Feb-16
ARTO;PT Bank Jago Tbk.;12-Jan-16
KINO;PT Kino Indonesia Tbk;11 Des 2015
AMIN;PT Ateliers Mecaniques D Indonesie Tbk.;10 Des 2015
IDPR;PT Indonesia Pondasi Raya Tbk.;10 Des 2015
DPUM;PT Dua Putra Utama Makmur Tbk.;08 Des 2015
MKNT;PT Mitra Komunikasi Nusantara Tbk.;26 Okt 2015
VINS;PT Victoria Insurance Tbk.;28-Sep-15
BBHI;PT Allo Bank Indonesia Tbk;12 Agt 2015
BIKA;PT Binakarya Jaya Abadi Tbk.;14-Jul-15
ATIC;PT Anabatic Technologies Tbk;08-Jul-15
BOLT;PT Garuda Metalindo Tbk.;07-Jul-15
BUKK;Bukaka Teknik Utama Tbk;29-Jun-15
MDKA;PT Merdeka Copper Gold Tbk.;19-Jun-15
MMLP;PT Mega Manunggal Property Tbk.;12-Jun-15
DMAS;PT Puradelta Lestari Tbk.;29 Mei 2015
PPRO;PT PP Properti Tbk.;19 Mei 2015
KOPI;PT Mitra Energi Persada Tbk;04 Mei 2015
MIKA;PT Mitra Keluarga Karyasehat Tbk.;24-Mar-15
BBYB;PT Bank Neo Commerce Tbk.;13-Jan-15
GOLL;PT Golden Plantation Tbk;23 Des 2014
AGRS;PT Bank IBK Indonesia Tbk.;22 Des 2014
IBFN;PT Intan Baru Prana Tbk;22 Des 2014
IMPC;PT Impack Pratama Industri Tbk;17 Des 2014
SOCI;PT Soechi Lines Tbk.;03 Des 2014
BIRD;PT Blue Bird Tbk;05-Nov-14
DNAR;PT Bank Oke Indonesia Tbk.;11-Jul-14
TARA;PT Agung Semesta Sejahtera Tbk;11-Jul-14
MBAP;PT Mitrabara Adiperdana Tbk;10-Jul-14
BPII;PT Batavia Prosperindo Internasional Tbk.;08-Jul-14
MGNA;PT Magna Investama Mandiri Tbk;08-Jul-14
CINT;PT Chitose Internasional Tbk;27-Jun-14
LINK;PT Link Net Tbk.;02-Jun-14
LRNA;PT Eka Sari Lorena Transport Tbk.;15-Apr-14
MDIA;PT Intermedia Capital Tbk.;11-Apr-14
BLTZ;PT Graha Layar Prima Tbk.;10-Apr-14
WTON;Wijaya Karya Beton;08-Apr-14
BALI;PT Bali Towerindo Sentra Tbk.;13-Mar-14
TALF;PT Tunas Alfin Tbk;17-Jan-14
ASMI;PT Asuransi Maximus Graha Persada Tbk.;16-Jan-14
BINA;PT Bank Ina Perdana Tbk.;16-Jan-14
CANI;PT Capitol Nusantara Indonesia Tbk.;16-Jan-14
PNBS;PT Bank Panin Dubai Syariah Tbk.;15-Jan-14
SIDO;PT Industri Jamu Dan Farmasi Sido Muncul Tbk;18 Des 2013
SSMS;PT Sawit Sumbermas Sarana Tbk.;12 Des 2013
LEAD;PT Logindo Samudramakmur Tbk.;11 Des 2013
IMJS;PT Indomobil Multi Jasa Tbk.;10 Des 2013
KRAH;PT Grand Kartech Tbk;08-Nov-13
APII;PT Arita Prima Indonesia Tbk.;29 Okt 2013
SILO;PT Siloam International Hospitals Tbk.;12-Sep-13
BMAS;PT Bank Maspion Indonesia Tbk.;11-Jul-13
BBMD;PT Bank Mestika Dharma Tbk.;08-Jul-13
MLPT;PT Multipolar Technology Tbk.;08-Jul-13
VICO;PT Victoria Investama Tbk.;08-Jul-13
ECII;PT Electronic City Indonesia Tbk.;03-Jul-13
SMBR;PT Semen Baturaja Tbk;28-Jun-13
NRCA;PT Nusa Raya Cipta Tbk.;27-Jun-13
SRTG;PT Saratoga Investama Sedaya Tbk.;26-Jun-13
ACST;PT Acset Indonusa Tbk.;24-Jun-13
SRIL;PT Sri Rejeki Isman Tbk;17-Jun-13
DSNG;PT Dharma Satya Nusantara Tbk.;14-Jun-13
APEX;Apexindo Pratama Duta Tbk;05-Jun-13
MPMX;PT Mitra Pinasthika Mustika Tbk.;29 Mei 2013
NOBU;PT Bank Nationalnobu Tbk.;20 Mei 2013
ANJT;PT Austindo Nusantara Jaya Tbk.;08 Mei 2013
DYAN;PT Dyandra Media International Tbk.;25-Mar-13
ISSP;PT Steel Pipe Industry of Indonesia Tbk;22-Feb-13
TPMA;Trans Power Marine Tbk;20-Feb-13
MAGP;Multi Agro Gemilang Plantation Tbk;16-Jan-13
SAME;Sarana Meditama Metropolitan Tbk;11-Jan-13
HOTL;Saraswati Griya Lestari Tbk;10-Jan-13
BBRM;Pelayaran Nasional Bina Buana Raya Tbk;09-Jan-13
WSKT;PT Waskita Karya (Persero) Tbk;19 Des 2012
WIIM;Wismilak Inti Makmur Tbk;18 Des 2012
ASSA;Adi Sarana Armada Tbk;12-Nov-12
BSSR;Baramulti Suksessarana Tbk;08-Nov-12
TAXI;Express Transindo Utama Tbk;02-Nov-12
NELY;Pelayaran Nelly Dwi Putri Tbk;11 Okt 2012
PALM;PT Provident Investasi Bersama Tbk;08 Okt 2012
GLOB;PT Globe Kita Terang Tbk;07 Okt 2012
SKBM;Sekar Bumi Tbk;28-Sep-12
NIRO;City Retail Developments Tbk;13-Sep-12
IBST;Inti Bangun Sejahtera Tbk;31 Agt 2012
BJTM;Bank Pembangunan Daerah Jawa Timur Tbk;12-Jul-12
GAMA;Aksara Global Development Tbk;11-Jul-12
ALTO;Tri Banyan Tirta Tbk;10-Jul-12
MSKY;MNC Sky Vision Tbk;09-Jul-12
TOBA;PT TBS Energi Utama Tbk;06-Jul-12
KOBX;Kobexindo Tractors Tbk;05-Jul-12
TRIS;Trisula International Tbk;28-Jun-12
RANC;Supra Boga Lestari Tbk;07-Jun-12
BEST;Bekasi Fajar Industrial Estate Tbk;10-Apr-12
ESSA;Surya Esa Perkasa Tbk;01-Feb-12
TELE;PT Omni Inovasi Indonesia Tbk;12-Jan-12
PADI;Minna Padi Investama Sekuritas Tbk;09-Jan-12
GWSA;PT Greenwood Sejahtera Tbk;23 Des 2011
BAJA;Saranacentral Bajatama Tbk;21 Des 2011
ERAA;Erajaya Swasembada Tbk;14 Des 2011
ABMM;ABM Investama Tbk;06 Des 2011
CASS;Cardig Aero Services Tbk;05 Des 2011
VIVA;PT Visi Media Asia Tbk;21-Nov-11
GEMS;Golden Energy Mines Tbk;17-Nov-11
ARII;Atlas Resources Tbk;08-Nov-11
SUPR;Solusi Tunas Pratama Tbk;11 Okt 2011
SMRU;SMR Utama Tbk;10 Okt 2011
STAR;PT Buana Artha Anugerah Tbk.;13-Jul-11
ALDO;Alkindo Naratama Tbk;12-Jul-11
PTIS;Indo Straits Tbk;12-Jul-11
SDMU;Sidomulyo Selaras Tbk;12-Jul-11
TIFA;KDB Tifa Finance Tbk;08-Jul-11
MTLA;Metropolitan Land Tbk;20-Jun-11
SIMP;Salim Ivomas Pratama Tbk;09-Jun-11
JAWA;Jaya Agra Wattie Tbk;30 Mei 2011
BULL;PT Buana Lintas Lautan Tbk.;23 Mei 2011
HDFA;Radana Bhaskara Finance Tbk;10 Mei 2011
SRAJ;Sejahteraraya Anugrahjaya Tbk;11-Apr-11
MBSS;Mitrabahtera Segara Sejati Tbk;06-Apr-11
GIAA;Garuda Indonesia (Persero) Tbk;11-Feb-11
MBTO;Martina Berto Tbk;13-Jan-11
EMDE;Megapolitan Developments Tbk;12-Jan-11
MFMI;Multifiling Mitra Indonesia Tbk;29 Des 2010
BSIM;Bank Sinarmas Tbk;13 Des 2010
BRMS;Bumi Resources Minerals Tbk;09 Des 2010
MIDI;Midi Utama Indonesia Tbk;30-Nov-10
WINS;Wintermar Offshore Marine Tbk;29-Nov-10
APLN;PT Agung Podomoro Land Tbk.;11-Nov-10
KRAS;Krakatau Steel (Persero) Tbk;10-Nov-10
TBIG;PT Tower Bersama Infrastructure Tbk;26 Okt 2010
ICBP;Indofood CBP Sukses Makmur Tbk;07 Okt 2010
HRUM;Harum Energy Tbk;06 Okt 2010
BUVA;PT Bukit Uluwatu Villa Tbk;12-Jul-10
IPOL;Indopoly Swakarsa Industry Tbk;09-Jul-10
BJBR;Bank Pembangunan Daerah Jawa Barat dan Banten Tbk;08-Jul-10
GOLD;PT Visi Telekomunikasi Infrastruktur Tbk.;07-Jul-10
SKYB;PT Northcliff Citranusa Indonesia Tbk.;07-Jul-10
ROTI;PT Nippon Indosari Corpindo Tbk;28-Jun-10
TOWR;Sarana Menara Nusantara Tbk;08-Mar-10
BIPI;PT Astrindo Nusantara Infrastruktur Tbk.;11-Feb-10
PTPP;PP (Persero) Tbk;09-Feb-10
EMTK;Elang Mahkota Teknologi Tbk;12-Jan-10
GDST;Gunawan Dianjaya Steel Tbk;23 Des 2009
BBTN;PT Bank Tabungan Negara (Persero) Tbk;17 Des 2009
NIKL;Pelat Timah Nusantara Tbk;14 Des 2009
BCIP;Bumi Citra Permai Tbk;11 Des 2009
DSSA;Dian Swastatika Sentosa Tbk;10 Des 2009
BWPT;Eagle High Plantations Tbk;27 Okt 2009
MKPI;Metropolitan Kentjana Tbk;10-Jul-09
GTBO;Garda Tujuh Buana Tbk;09-Jul-09
BPFI;PT Woori Finance Indonesia Tbk;01-Jun-09
TRIO;Trikomsel Oke Tbk;14-Apr-09
AMRT;PT Sumber Alfaria Trijaya Tbk.;15-Jan-09
TRAM;Trada Alam Minera Tbk.;10-Sep-08
BYAN;Bayan Resources Tbk;12 Agt 2008
HOME;Hotel Mandarine Regency Tbk;17-Jul-08
ADRO;Adaro Energy Indonesia Tbk;16-Jul-08
KBRI;Kertas Basuki Rachmat Indonesia Tbk;11-Jul-08
PDES;Destinasi Tirta Nusantara Tbk;08-Jul-08
VRNA;PT Mizuho Leasing Indonesia Tbk;25-Jun-08
INDY;Indika Energy Tbk;11-Jun-08
BSDE;PT Bumi Serpong Damai Tbk;06-Jun-08
TPIA;PT Chandra Asri Petrochemical Tbk;26 Mei 2008
GZCO;Gozco Plantations Tbk;15 Mei 2008
KOIN;Kokoh Inti Arebama Tbk;09-Apr-08
BTPN;PT Bank BTPN Tbk;12-Mar-08
YPAS;Yanaprima Hastapersada Tbk;05-Mar-08
ELSA;Elnusa Tbk;06-Feb-08
TRIL;Triwira Insanlestari Tbk;28-Jan-08
BAPA;Bekasi Asri Pemula Tbk;14-Jan-08
COWL;COWELL DEVELOPMENT Tbk;19 Des 2007
DGIK;Nusa Konstruksi Enjiniring Tbk;19 Des 2007
ASRI;ALAM SUTERA REALTY Tbk;18 Des 2007
ITMG;Indo Tambangraya Megah Tbk;18 Des 2007
CSAP;Catur Sentosa Adiprana Tbk;12 Des 2007
JKON;Jaya Konstruksi Manggala Pratama Tbk;04 Des 2007
JSMR;PT Jasa Marga Tbk;12-Nov-07
PTSN;Sat Nusapersada Tbk;08-Nov-07
ACES;Ace Hardware Indonesia Tbk;06-Nov-07
WIKA;PT Wijaya Karya (Persero) Tbk;29 Okt 2007
GPRA;Perdana Gapura Prima Tbk;10 Okt 2007
BACA;PT Bank Capital Indonesia Tbk;04 Okt 2007
DEWA;Darma Henwa Tbk;26-Sep-07
LCGP;PT Eureka Prima Jakarta Tbk.;13-Jul-07
PKPK;Perdana Karya Perkasa Tbk;11-Jul-07
MCOR;PT Bank China Construction Bank Indonesia Tbk;03-Jul-07
MNCN;Media Nusantara Citra Tbk;22-Jun-07
SGRO;PT Sampoerna Agro Tbk;18-Jun-07
BKDP;Bukit Darmo Property Tbk;15-Jun-07
WEHA;PT WEHA Transportasi Indonesia Tbk;31 Mei 2007
BISI;BISI INTERNATIONAL Tbk;28 Mei 2007
SDRA;PT Bank Woori Saudara Indonesia 1906 Tbk;15 Des 2006
FREN;PT Smartfren Telecom Tbk;29-Nov-06
CPRO;Central Proteina Prima Tbk;28-Nov-06
IATA;PT MNC Energy Investments Tbk;13-Sep-06
TOTL;Total Bangun Persada Tbk;25-Jul-06
RUIS;Radiant Utama Interinsco Tbk;12-Jul-06
BBKP;PT Bank KB Bukopin Tbk;10-Jul-06
BNBA;Bank Bumi Arta Tbk;01-Jun-06
RAJA;Rukun Raharja Tbk;19-Apr-06
OKAS;Ancora Indonesia Resources Tbk;29-Mar-06
MAIN;Malindo Feedmill Tbk;10-Feb-06
BTEL;Bakrie Telecom Tbk;03-Feb-06
AMAG;Asuransi Multi Artha Guna Tbk;23 Des 2005
MICE;Multi Indocitra Tbk;21 Des 2005
EXCL;PT XL Axiata Tbk;29-Sep-05
MFIN;PT Mandala Multifinance Tbk.;06-Sep-05
RELI;Reliance Sekuritas Indonesia Tbk;13-Jul-05
ICON;Island Concepts Indonesia Tbk;08-Jul-05
PEGE;PT Panca Global Kapital Tbk.;24-Jun-05
MASA;Multistrada Arah Sarana Tbk;09-Jun-05
WOMF;PT Wahana Ottomitra Multiartha Tbk;13 Des 2004
MAPI;Mitra Adiperkasa Tbk;10-Nov-04
AKKU;PT Anugerah Kagum Karya Utama Tbk;01-Nov-04
YULE;Yulie Sekuritas Indonesia Tbk;12 Okt 2004
SQMI;Wilton Makmur Indonesia Tbk;15-Jul-04
PJAA;Pembangunan Jaya Ancol Tbk;02-Jul-04
ENRG;Energi Mega Persada Tbk;07-Jun-04
BTEK;Bumi Teknokultura Unggul Tbk;14 Mei 2004
HADE;PT Himalaya Energi Perkasa Tbk;12-Apr-04
ADMF;Adira Dinamika Multi Finance Tbk;31-Mar-04
ADHI;PT Adhi Karya (Persero) Tbk.;18-Mar-04
INPP;Indonesian Paradise Property Tbk;12-Jan-04
ASJT;Asuransi Jasa Tania Tbk;23 Des 2003
PGAS;PT Perusahaan Gas Negara Tbk.;15 Des 2003
BBRI;PT Bank Rakyat Indonesia (Persero) Tbk;10-Nov-03
OCAP;ONIX CAPITAL Tbk;10 Okt 2003
AGRO;PT Bank Raya Indonesia Tbk;08 Agt 2003
BMRI;PT Bank Mandiri (Persero) Tbk;14-Jul-03
TMAS;PT Temas Tbk.;09-Jul-03
ARTI;Ratu Prabu Energi Tbk;30-Apr-03
PSAB;J RESOURCES ASIA PASIFIK Tbk;22-Apr-03
PTBA;Bukit Asam Tbk;23 Des 2002
APIC;PACIFIC STRATEGIC FINANCIAL Tbk;18 Des 2002
TRUS;Trust Finance Indonesia Tbk;28-Nov-02
BKSW;PT Bank QNB Indonesia Tbk;21-Nov-02
ARTA;Arthavest Tbk;05-Nov-02
IIKP;Inti Agri Resources Tbk;14 Okt 2002
GEMA;Gema Grahasarana Tbk;12 Agt 2002
SCMA;Surya Citra Media Tbk;16-Jul-02
BABP;PT Bank MNC Internasional Tbk.;15-Jul-02
KREN;PT Kresna Graha Investama Tbk.;28-Jun-02
SUGI;Sugih Energy Tbk;19-Jun-02
BSWD;Bank of India Indonesia Tbk;01 Mei 2002
UNIT;Nusantara Inti Corpora Tbk;18-Apr-02
JTPE;Jasuindo Tiga Perkasa Tbk;16-Apr-02
ABBA;Mahaka Media Tbk;03-Apr-02
FPNI;PT Lotte Chemical Titan Tbk.;21-Mar-02
CITA;Cita Mineral Investindo Tbk;20-Mar-02
FISH;FKS Multi Agro Tbk;18-Jan-02
FORU;Fortune Indonesia Tbk;17-Jan-02
LMAS;Limas Indonesia Makmur Tbk;28 Des 2001
CLPI;Colorpak Indonesia Tbk;30-Nov-01
CNKO;Exploitasi Energi Indonesia Tbk;20-Nov-01
CENT;PT Centratama Telekomunikasi Indonesia Tbk.;01-Nov-01
RODA;Pikko Land Development Tbk;22 Okt 2001
PYFA;Pyridam Farma Tbk;16 Okt 2001
PANR;Panorama Sentrawisata Tbk;18-Sep-01
AIMS;Akbar Indomakmur Stimec Tbk;20-Jul-01
BTON;Betonjaya Manunggal Tbk;18-Jul-01
META;Nusantara Infrastructure Tbk;18-Jul-01
ARNA;Arwana Citramulia Tbk;17-Jul-01
LAPD;Leyand International Tbk;17-Jul-01
AKSI;PT Mineral Sumberdaya Mandiri Tbk;13-Jul-01
BEKS;PT Bank Pembangunan Daerah Banten Tbk.;13-Jul-01
DEFI;Danasupra Erapacific Tbk;06-Jul-01
KAEF;Kimia Farma Tbk.;04-Jul-01
WAPO;Wahana Pronatural Tbk;22-Jun-01
DOID;Delta Dunia Makmur Tbk;15-Jun-01
BCAP;MNC Kapital Indonesia Tbk;08-Jun-01
INDX;Tanah Laut Tbk;17 Mei 2001
INAF;Indofarma Tbk.;17-Apr-01
PLAS;Polaris Investama Tbk;16-Mar-01
TMPO;Tempo Inti Media Tbk;08-Jan-01
DNET;PT Indoritel Makmur Internasional Tbk.;11 Des 2000
GMTD;Gowa Makassar Tourism Development Tbk;11 Des 2000
RIMO;PT Rimo International Lestari Tbk.;10-Nov-00
MYOH;Samindo Resources Tbk;27-Jul-00
FMII;Fortune Mate Indonesia Tbk;30-Jun-00
BBCA;PT Bank Central Asia Tbk.;31 Mei 2000
PANS;Panin Sekuritas Tbk;31 Mei 2000
APLI;Asiaplast Industries Tbk;01 Mei 2000
MEGA;Bank Mega Tbk;17-Apr-00
PGLI;Pembangunan Graha Lestari Tbk;05-Apr-00
KPIG;MNC Land Tbk;30-Mar-00
DSFI;Dharma Samudera Fishing Ind. Tbk;24-Mar-00
KBLV;First Media Tbk;25-Feb-00
TBLA;Tunas Baru Lampung Tbk;14-Feb-00
TRIM;PT Trimegah Sekuritas Indonesia Tbk;31-Jan-00
BMSR;Bintang Mitra Semestaraya Tbk;29 Des 1999
TIRT;Tirta Mahakam Resources Tbk;13 Des 1999
SMDR;Samudera Indonesia Tbk;05-Jul-99
BVIC;Bank Victoria International Tbk;30-Jun-99
AUTO;Astra Otoparts Tbk;15-Jun-98
RICY;Ricky Putra Globalindo Tbk;22-Jan-98
JSPT;Jakarta Setiabudi Internasional Tbk;12-Jan-98
RBMS;Ristia Bintang Mahkotasejati Tbk;19 Des 1997
HITS;Humpuss Intermoda Transportasi Tbk;15 Des 1997
AALI;Astra Agro Lestari Tbk;09 Des 1997
SMMT;GOLDEN EAGLE ENERGY Tbk;01 Des 1997
ANTM;Aneka Tambang Tbk.;27-Nov-97
BHIT;PT MNC Asia Holding Tbk;24-Nov-97
DKFT;Central Omega Resources Tbk;21-Nov-97
MAYA;PT Bank Mayapada Internasional Tbk;29 Agt 1997
SSTM;Sunson Textile Manufacturer Tbk;20 Agt 1997
JKSW;Jakarta Kyoei Steel Works Tbk;06 Agt 1997
BKSL;Sentul City Tbk;28-Jul-97
LPCK;Lippo Cikarang Tbk;24-Jul-97
LPGI;Lippo General Insurance Tbk;22-Jul-97
LTLS;PT Lautan Luas Tbk;21-Jul-97
MITI;Mitra Investindo Tbk;16-Jul-97
BCIC;PT Bank JTrust Indonesia Tbk.;25-Jun-97
AISA;PT FKS Food Sejahtera Tbk;11-Jun-97
IKAI;Intikeramik Alamasri Industri Tbk;04-Jun-97
ETWA;Eterindo Wahanatama Tbk;16 Mei 1997
SSIA;PT Surya Semesta Internusa Tbk;27-Mar-97
MIRA;Mitra International Resources Tbk;30-Jan-97
ALMI;Alumindo Light Metal Industry Tbk;02-Jan-97
SIPD;PT Sreeya Sewu Indonesia Tbk;27 Des 1996
STTP;PT Siantar Top Tbk;16 Des 1996
BBNI;PT Bank Negara Indonesia (Persero) Tbk;25-Nov-96
PICO;Pelangi Indah Canindo Tbk;23-Sep-96
SMSM;Selamat Sempurna Tbk;09-Sep-96
KDSI;Kedawung Setia Industrial Tbk;29-Jul-96
RALS;Ramayana Lestari Sentosa Tbk;24-Jul-96
CEKA;PT Wilmar Cahaya Indonesia Tbk.;09-Jul-96
LSIP;PP London Sumatra Indonesia Tbk;05-Jul-96
CTTH;Citatah Tbk;03-Jul-96
LPKR;Lippo Karawaci Tbk;28-Jun-96
TLKM;PT Telkom Indonesia (Persero) Tbk;14-Nov-95
AMFG;Asahimas Flat Glass Tbk;08-Nov-95
ELTY;Bakrieland Development Tbk;30 Okt 1995
BIPP;Bhuwanatala Indah Permai Tbk;23 Okt 1995
TINS;PT Timah Tbk.;19 Okt 1995
SMDM;Suryamas Dutamakmur Tbk;12 Okt 1995
PSKT;PT Red Planet Indonesia Tbk;19-Sep-95
KONI;Perdana Bangun Pusaka Tbk;22 Agt 1995
MRAT;Mustika Ratu Tbk;27-Jul-95
BMTR;PT Global Mediacom Tbk;17-Jul-95
SMMA;PT Sinar Mas Multiartha Tbk;05-Jul-95
TURI;Tunas Ridean Tbk;16 Mei 1995
BUDI;PT Budi Starch & Sweetener Tbk.;08 Mei 1995
HEXA;Hexindo Adiperkasa Tbk;13-Feb-95
CMNP;Citra Marga Nusaphala Persada Tbk;10-Jan-95
KIJA;Kawasan Industri Jababeka Tbk;10-Jan-95
KARW;ICTSI JASA PRIMA Tbk;20 Des 1994
FASW;Fajar Surya Wisesa Tbk;19 Des 1994
CMPP;PT AirAsia Indonesia Tbk;08 Des 1994
KIAS;Keramika Indonesia Assosiasi Tbk;08 Des 1994
INAI;Indal Aluminium Industry Tbk;05 Des 1994
PUDP;Pudjiadi Prestige Tbk;18-Nov-94
SPMA;Suparma Tbk;16-Nov-94
DVLA;Darya-Varia Laboratoria Tbk;11-Nov-94
DUTI;Duta Pertiwi Tbk;02-Nov-94
NISP;PT Bank OCBC NISP Tbk;20 Okt 1994
ISAT;PT Indosat Tbk;19 Okt 1994
PSDN;Prasidha Aneka Niaga Tbk;18 Okt 1994
LMPI;Langgeng Makmur Industri Tbk;17 Okt 1994
MEDC;PT Medco Energi Internasional Tbk;12 Okt 1994
AKRA;PT AKR Corporindo Tbk.;03 Okt 1994
BIMA;Primarindo Asia Infrastructure Tbk;30 Agt 1994
OMRE;Indonesia Prima Property Tbk;22 Agt 1994
SAFE;Steady Safe Tbk;15 Agt 1994
WICO;Wicaksana Overseas International Tbk;08 Agt 1994
EPMT;Enseval Putera Megatrading Tbk;01 Agt 1994
INDF;Indofood Sukses Makmur Tbk;14-Jul-94
JRPT;Jaya Real Property Tbk;29-Jun-94
TSPC;Tempo Scan Pacific Tbk;17-Jun-94
ADES;Akasha Wira International Tbk Tbk;13-Jun-94
SIMA;Siwani Makmur Tbk;03-Jun-94
MDLN;PT Modernland Realty Tbk.;01-Jun-94
PTSP;Pioneerindo Gourmet International Tbk;30 Mei 1994
CTRA;Ciputra Development Tbk;28-Mar-94
LPPS;PT Lenox Pasifik Investama Tbk;28-Mar-94
SULI;PT SLJ Global Tbk;21-Mar-94
MAMI;Mas Murni Indonesia Tbk;09-Feb-94
MLIA;Mulia Industrindo Tbk;17-Jan-94
IMAS;Indomobil Sukses Internasional Tbk;15-Nov-93
KICI;Kedaung Indah Can Tbk;28 Okt 1993
ADMG;Polychem Indonesia Tbk;20 Okt 1993
BRPT;Barito Pacific Tbk;01 Okt 1993
TCID;Mandom Indonesia Tbk;30-Sep-93
SKLT;Sekar Laut Tbk;08-Sep-93
INTA;Intraco Penta Tbk;23 Agt 1993
LION;Lion Metal Works Tbk;20 Agt 1993
TIRA;Tira Austenite Tbk;27-Jul-93
FAST;PT Fast Food Indonesia Tbk;11 Mei 1993
SRSN;Indo Acidatama Tbk;11-Jan-93
MPPA;Matahari Putra Prima Tbk;21 Des 1992
AKPI;Argha Karya Prima Ind. Tbk;18 Des 1992
SMAR;PT Sinar Mas Agro Resources and Technology Tbk;20-Nov-92
JECC;Jembo Cable Company Tbk;18-Nov-92
ESTI;Ever Shine Textile Industry Tbk;13 Okt 1992
SONA;Sona Topas Tourism Industry Tbk;21-Jul-92
KBLI;KMI Wire and Cable Tbk;06-Jul-92
PLIN;Plaza Indonesia Realty Tbk;15-Jun-92
KBLM;Kabelindo Murni Tbk;01-Jun-92
MTSM;Metro Realty Tbk;08-Jan-92
DILD;Intiland Development Tbk;04-Sep-91
ZBRA;PT Dosni Roha Indonesia Tbk;01 Agt 1991
KLBF;Kalbe Farma Tbk;30-Jul-91
NIPS;Nipress Tbk;24-Jul-91
MDRN;Modern Internasional Tbk;16-Jul-91
SMGR;Semen Indonesia (Persero) Tbk;08-Jul-91
KKGI;Resource Alam Indonesia Tbk;01-Jul-91
POOL;Pool Advista Indonesia Tbk;20 Mei 1991
CPIN;Charoen Pokphand Indonesia Tbk;18-Mar-91
POLY;Asia Pacific Fibers Tbk;12-Mar-91
IKBI;Sumi Indo Kabel Tbk;21-Jan-91
ARGO;Argo Pantes Tbk;07-Jan-91
VOKS;Voksel Electric Tbk;20 Des 1990
ITMA;SUMBER ENERGI ANDALAN Tbk;10 Des 1990
IGAR;Champion Pacific Indonesia Tbk;05-Nov-90
MYRX;Hanson International Tbk;31 Okt 1990
TOTO;Surya Toto Indonesia Tbk;30 Okt 1990
AHAP;Asuransi Harta Aman Pratama Tbk;14-Sep-90
BRAM;Indo Kordsa Tbk;05-Sep-90
CFIN;Clipan Finance Indonesia Tbk;27 Agt 1990
GGRM;Gudang Garam Tbk;27 Agt 1990
INPC;Bank Artha Graha Internasional Tbk;23 Agt 1990
ERTX;Eratex Djaja Tbk;21 Agt 1990
PBRX;Pan Brothers Tbk;16 Agt 1990
HMSP;HM Sampoerna Tbk;15 Agt 1990
EKAD;Ekadharma International Tbk;14 Agt 1990
INDS;Indospring Tbk;10 Agt 1990
DPNS;Duta Pertiwi Nusantara Tbk;08 Agt 1990
INDR;PT Indo-Rama Synthetics Tbk;03 Agt 1990
BUMI;Bumi Resources Tbk;30-Jul-90
INCI;Intanwijaya Internasional Tbk;24-Jul-90
INKP;Indah Kiat Pulp & Paper Tbk;16-Jul-90
ALKA;Alakasa Industrindo Tbk;12-Jul-90
PRAS;Prima Alloy Steel Universal Tbk;12-Jul-90
MYOR;Mayora Indah Tbk;04-Jul-90
TRST;Trias Sentosa Tbk;02-Jul-90
ULTJ;Ultra Jaya Milk Industry Tbk;02-Jul-90
INRU;Toba Pulp Lestari Tbk;18-Jun-90
TGKA;Tigaraksa Satria Tbk;11-Jun-90
SCPI;PT Organon Pharma Indonesia Tbk;08-Jun-90
HDTX;Panasia Indo Resources Tbk;06-Jun-90
LMSH;Lionmesh Prima Tbk;04-Jun-90
TBMS;Tembaga Mulia Semanan Tbk;23 Mei 1990
PTRO;Petrosea Tbk;21 Mei 1990
BFIN;BFI Finance Indonesia Tbk;16 Mei 1990
INCO;Vale Indonesia Tbk;16 Mei 1990
RDTX;Roda Vivatex Tbk;14 Mei 1990
DART;Duta Anggada Realty Tbk;08 Mei 1990
GJTL;Gajah Tunggal Tbk;08 Mei 1990
SHID;Hotel Sahid Jaya Tbk;08 Mei 1990
BBLD;Buana Finance Tbk;07 Mei 1990
SDPC;Millennium Pharmacon International Tbk;07 Mei 1990
SMRA;PT Summarecon Agung Tbk;07 Mei 1990
PNSE;Pudjiadi & Sons Tbk;01 Mei 1990
MTFN;Capitalinc Investment Tbk;16-Apr-90
MTDL;Metrodata Electronics Tbk;09-Apr-90
ASII;Astra International Tbk;04-Apr-90
TKIM;Pabrik Kertas Tjiwi Kimia Tbk;03-Apr-90
BLTA;Berlian Laju Tanker Tbk;26-Mar-90
ASRM;Asuransi Ramayana Tbk;19-Mar-90
UNSP;Bakrie Sumatera Plantations Tbk;06-Mar-90
RIGS;Rig Tenders Tbk;05-Mar-90
RMBA;Bentoel International Investama Tbk;05-Mar-90
LPIN;Multi Prima Sejahtera Tbk;05-Feb-90
BNLI;Bank Permata Tbk;15-Jan-90
INTD;Inter-Delta Tbk;18 Des 1989
ASDM;Asuransi Dayin Mitra Tbk;15 Des 1989
BDMN;PT Bank Danamon Indonesia Tbk;06 Des 1989
INTP;Indocement Tunggal Prakarsa Tbk;05 Des 1989
ASBI;Asuransi Bintang Tbk;29-Nov-89
BNGA;PT Bank CIMB Niaga Tbk;29-Nov-89
CTBN;Citra Tubindo Tbk;28-Nov-89
BNII;PT Bank Maybank Indonesia Tbk;21-Nov-89
ASGR;Astra Graphia Tbk;15-Nov-89
BRNA;Berlina Tbk;06-Nov-89
MLPL;Multipolar Tbk;06-Nov-89
UNIC;Unggul Indah Cahaya Tbk;06-Nov-89
BAYU;Bayu Buana Tbk;30 Okt 1989
GSMF;Equity Development Investment Tbk;23 Okt 1989
JPFA;JAPFA Comfeed Indonesia Tbk;23 Okt 1989
LPLI;Star Pacific Tbk;23 Okt 1989
MYTX;PT Asia Pacific Investama Tbk.;10 Okt 1989
LPPF;Matahari Department Store Tbk;09 Okt 1989
PWON;Pakuwon Jati Tbk;09 Okt 1989
UNTR;United Tractors Tbk;19-Sep-89
MREI;Maskapai Reasuransi Indonesia Tbk;04-Sep-89
BNBR;Bakrie & Brothers Tbk;28 Agt 1989
HERO;Hero Supermarket Tbk;21 Agt 1989
ABDA;Asuransi Bina Dana Arta Tbk;06-Jul-89
JIHD;Jakarta International Hotels & Development Tbk;29-Feb-84
DLTA;Delta Djakarta Tbk;27-Feb-84
PNIN;Paninvest Tbk;20-Sep-83
PNLF;Panin Financial Tbk;14-Jun-83
PNBN;Bank Pan Indonesia Tbk;29 Des 1982
SCCO;PT Supreme Cable Manufacturing & Commerce Tbk;20-Jul-82
BATA;Sepatu Bata Tbk;24-Mar-82
UNVR;Unilever Indonesia Tbk;11-Jan-82
MLBI;Multi Bintang Indonesia Tbk;15 Des 1981
MERK;Merck Tbk;23-Jul-81
GDYR;Goodyear Indonesia Tbk;22 Des 1980
TFCO;Tifico Fiber Indonesia Tbk;26-Feb-80
CNTX;PT Century Textile Industry Tbk;22 Mei 1979
SMCB;PT Solusi Bangun Indonesia Tbk;10 Agt 1977
